sms_id,sender_id,is_sender_in_contacts,sms_body,sms_date,is_spam
S352109A847623,FastMass,FALSE,"Stav CS Technion, 4 out of 5 people in Israel are eligible for an income tax refund for years 2018-2023. The average refund is around 8,000 NIS. Most likely, you are also entitled to money. Last chancethe tax year is almost over. For a free check, click the link: https://trackmoneycom/apply. To unsubscribe, reply 14.","06/11/2024, 09:27",TRUE
S476521A098763,FastMass,FALSE,"Stav CS Technion, 4 out of 5 people in Israel are eligible for an income tax refund. The average refund is around 8,000 NIS. Most likely, you are also entitled to money. Last chancethe tax year is almost over. For a free check, click the link: https://trackmoneycom/apply. To unsubscribe, reply 14.","07/11/2024, 14:45",TRUE
S734689A482910,TaxMeBack,FALSE,"According to the initial data we have, you are eligible for a tax refund from the state! For a quick eligibility check, click here  https://MaxTaxRefundCheck.com/s To unsubscribe: https://MaxTaxRefundCheck.com/r","02/11/2024, 20:20",TRUE
S123456A789010,TaxReturn,FALSE,"Nadav RD 15, According to our records, you are eligible for a tax refund for 2018. Click: bit.ly/3Cdv6hc Unsubscribe: bit.ly/3C5MZOY","05/01/2023, 20:27",TRUE
S234567A890121,TaxReturn,FALSE,"Nadav RD 15, According to our records, you are eligible for a tax refund for 2019. Click: bit.ly/3Cdv6hc Unsubscribe: bit.ly/3C5MZOY","22/01/2023, 19:57",TRUE
S345678A901232,TaxReturn,FALSE,"Stav Aviram - Army, Regarding the property you sold, If you paid capital gains tax in the last 6 years, you are likely entitled to a significant refund of up to 50K NIS. You can receive a refund of up to 100 of the tax paid. For a free eligibility check, click: http://lp2.xyz/eXBc9_IVyHv Unsubscribe: https://bit.ly/3psPFSz","28/10/2023, 17:33",TRUE
S456789A012343,TaxReturn,FALSE,"Stav Aviram - Army, According to our records, you are eligible for a tax refund for 2020. Click: bit.ly/3Cdv6hc Unsubscribe: bit.ly/3C5MZOY","22/01/2023, 11:32",TRUE
S567890A123454,052-7755016,FALSE,"Following the economic situation, eligibility has opened for withdrawing money from the pension fund Without tax payment and without the need for exemptions. Within 4 business days only. For individuals with negative BDI. No documents required. No file opening fees. For eligibility check, reply 1. To unsubscribe, reply 2.","29/10/2024, 12:03",FALSE
S678901A234565,033-030413,FALSE,"This is the last chance to withdraw. If you have a tax refund for 2018, it might be erased. Dont miss out on your money. To check eligibility, register here  https://taxrefundssolutions.com/lp/ Or call: 033030413 To unsubscribe reply 14","10/09/2024, 10:34",TRUE
S789012A345676,Missim,FALSE,"You might also receive such a message! Hello Stav CS Technion, greetings, 10,353 NIS has been transferred to your account. The year 2023 is now open for tax refunds! Dont miss out on your money!! For a free check  https://wintaxback.com To unsubscribe: https://atj.io/uBX3fm","06/08/2024, 15:52",TRUE
S890123A456787,TaxBack,FALSE,"We noticed that you might be eligible for a tax refund for 2018-2023 from the Tax Authority. For a free check, register here  https://taxrefundssolutions.com/mytaxback/c Or call: 033030415 To unsubscribe: https://taxrefundssolutions.com/mytaxback/r","28/08/2024, 10:07",TRUE
S901234A567898,Missim,FALSE,"You might also receive such a message! Hello Stav Combinatorics Partner, greetings, 10,353 NIS has been transferred to your account. The year 2023 is now open for tax refunds! Dont miss out on your money!! For a free check  https://atj.io/4WbYcJ Or call: 033030461 To unsubscribe: https://atj.io/w1LQOY","22/08/2024, 14:06",TRUE
S012345A678909,033-030482,FALSE,"Stav Aviram - Army, Your details have been received by the system. Our representatives tried to reach you but got no response. To check eligibility for tax refunds, register again  https://taxrefundssolutions.com/mytaxback/ 033030482 To unsubscribe reply 1","22/08/2024, 14:09",TRUE
S123456A788432,TaxOffice15,FALSE,"Due to the situation, you are eligible for a tax refund! https://secure.yourtaxrefundback.com/c - Click to check Unsubscribe: https://secure.yourtaxrefundback.com/r1","16/01/2024, 20:03",TRUE
S352109A847624,TaxOffice15,FALSE,"Due to the situation, you are eligible for a tax refund! https://secure.yourtaxrefundback.com/c - Click to check Unsubscribe: https://secure.yourtaxrefundback.com/r","06/03/2024, 20:12",TRUE
S476521A098764,TaxOffice15,FALSE,"There might be 8,942 NIS waiting for you from a tax refund, click https://secure.yourtaxrefundback.com/c Unsubscribe: https://secure.yourtaxrefundback.com/r","30/04/2024, 20:18",TRUE
S734689A482911,TaxOffice15,FALSE,"There might be 8,942 NIS waiting for you from a tax refund, click here https://secure.yourtaxrefundback.com/c Unsubscribe: https://secure.yourtaxrefundback.com/r","17/06/2024, 20:20",TRUE
S123456A789011,033-030571,FALSE,"Hi Nadav army, The year 2024 has arrived, and with it, 2023 is open for tax refunds! Did you know?  The average tax refund ranges between 8-10K NIS. Register now. For a free eligibility check:https://submit.quickcashpro.com/uXCqLq Or call: 033030571 To unsubscribe: https://submit.quickcashpro.com/s3dFHk","13/06/2024, 12:02",TRUE
S234567A890122,033-030571,FALSE,"Hi Nadav army, The year 2024 has arrived, and with it, 2023 is open for tax refunds! Did you know?  The average tax refund ranges between 8-10K NIS. Register now. For a free eligibility check: https://submit.quickcashpro.com/sDfbKN Or call: 033030571 To unsubscribe: https://submit.quickcashpro.com/by8Efw","13/06/2024, 10:14",TRUE
S345678A901233,033-030571,FALSE,"Hi Nadav army, The year 2024 has arrived, and with it, 2023 is open for tax refunds! Did you know?  The average tax refund ranges between 8-10K NIS. Register now. For a free eligibility check: https://submit.quickcashpro.com/JAOixC Or call: 033030571 To unsubscribe: https://submit.quickcashpro.com/kL33yL","03/07/2024, 13:40",TRUE
S456789A012344,Shevah-Tax,FALSE,"Hello Stav Compi Rep, property owners that have paid property tax in the last 6 years are eligible for up to 100 tax refund! Check it for free now: https://PropTaxCheck/ips2xyz.com/c Or remove:  https://PropTaxCheck/ips2xyz.com/r","11/08/2024, 10:32",TRUE
S567890A123455,TaxRefundSol,FALSE,"Hi Stav Compi, youre eligible for up to 100 tax refund. Dont you want to check it? Click http://osaj/taxes/forms.com","12/08/2024, 14:21",TRUE
S678901A234566,ShevahTax,FALSE,"Stav Aviram - Army In connection with your inquiry, calculations and tax payments in the past six years indicate that you are entitled to a significant monetary refund. You can receive up to 100 of the taxes paid! To check your eligibility for free, click: http://TaxFree.lp2.xyz/bKuJk_lVyHv SmartRefund.bit.ly/3psPFSz.","12/07/2023, 09:19",TRUE
S789012A345677,073-3489675,FALSE,"Hi Stav Compi, Information shows you have a tax refund from 2017, which is about to expire! The tax refund for 2023 is now open! The refund is calculated based on the last six years only. Dont miss your money! Check your eligibility now: http://QuickTax.atj.io/sdKSu1 SmartRefund.atj.io/0lxXgW.","28/11/2023, 13:55",TRUE
S890123A456788,073-3489675,FALSE,"Hi Stav Compi, Final chance to get your tax refund from 2017!!! Information shows you have a tax refund from 2017, which will expire at the end of the month! The refund is calculated based on the last six years only. Dont miss your money! Check your eligibility now: http://EasyTax.atj.io/QnoJgg checkforfreetaxes.atj.io/KdoJTT.","07/12/2023, 10:40",TRUE
S901234A567899,033-140125,FALSE,"Stav My Love, Taking a loan due to your situation?  It appears you have money already available from income tax! Before taking a loan, ensure you get your refunds! Check eligibility at no cost: http://QuickTax.atj.io/hZ0oOV EasyTax.atj.io/r0aIhl.","29/10/2023, 13:22",TRUE
S012345A678910,033-140125,FALSE,"Stav My Love, Taking a loan due to your situation?  It appears you have money already available from income tax! Before taking a loan, ensure you get your refunds! Check eligibility at no cost: http://checkforfreetaxes.atj.io/mZ7bnS EasyRefunds4u.atj.io/ku8BKi.","29/10/2023, 15:13",TRUE
S123456A785431,033-030709,FALSE,Nadav CS Technion your 2017 tax refund cannot be extended further. It is recommended to handle your refund on time. Eligibility can be checked for years 20182023. Register now: http://TaxFree.atj.io/XJ3RBB QuickTax.atj.io/KWTZYL.,"25/02/2024, 11:13",TRUE
S352109A847625,050-4247698,FALSE,"Stav Combinatorics Partner from the Treasury has notified that within three days you can get a loan of 20,000 NIS! Interest 2.5 over 8 years. Without fees. Request it now: https://QuickTax.wa.link/2cscc3 SmartRefund.l5k.me/LXoUm.","08/02/2024, 09:54",FALSE
S476521A098765,033-030618,FALSE,"Stav My Love, Thousands of NIS await you in tax refunds! More than 80 of continuing refunds are owed due to business transfers. Dont lose this opportunity. Check eligibility now for free: http://TaxFree.atj.io/P0vZsd QuickTax.atj.io/oFhq6A.","18/03/2024, 13:08",TRUE
S734689A482762,033-030542,FALSE,"Stav Compi, Want to know about your 2023 tax refund? The amount of 10,353 NIS was transferred to your account! Check it without fees: http://QuickTax.atj.io/Dt0m5T SmartRefund.atj.io/VhrwcO.","16/04/2024, 10:27",TRUE
S123456A789012,TaxMax,FALSE,"Stav Compi, Your 2018 tax refund of 10,400 NIS is ready! Check it now in an easy, secure, and reliable way without delays. Click to claim: http://mivtachimfinance.co.il/smsmass2","02/04/2024, 20:13",TRUE
S234567A890123,Shevah-Tax,FALSE,Final confirmation: Property owners who paid taxes in the past 6 years are entitled to receive a refund of up to 100 of the taxes paid. Check eligibility for free: http://QuickTax.lp2.xyz/NV2T8_IVyHv SmartRefund.bit.ly/3psPFSz.,"03/06/2024, 09:04",TRUE
S345678A901234,CTAX,FALSE,Check your 2017 tax refund eligibility now! Click here: http://TaxFree.bit.ly/jfhd2 or remove: http://TaxFree.bit.ly/erjk4.,"21/08/2022, 16:51",TRUE
S456789A012345,FastTAX,FALSE,"Based on our registration, you might be eligible for a tax refund. Verify here: http://refunds.elae.me/n or remove: http://refunds.elae.me/r.","15/02/2023, 21:46",TRUE
S567890A123456,TAXES,FALSE,"Stav Combinatorics Partner, reminder for you to check tax refund eligibility! Verify here: http://refunds.elae.me/n or remove: http://refunds.elae.me/r.","05/03/2023, 20:42",TRUE
S678901A234567,Odll Global Solution,FALSE,Your 2017 tax refund is waiting! Up to 20K NIS are waiting for you! Leave your details: http://maxtaxrefund.org/lp.,"06/03/2023, 11:35",TRUE
S789012A345678,050-6105563,FALSE,"Based on our system, you might be eligible for a tax refund for 2019! Verify here: http://freetaxcheckmivt.me/t or remove: http://freetaxcheckmivt.mivt.me/r.","02/05/2023, 20:17",TRUE
S890123A456789,TaxOffice35,FALSE,"Nadav combi partner, want to verify eligibility for a tax refund? Check now: http://TaxOffice35.mivt.me/t or remove: http://TaxOffice35.mivt.me/r.","21/05/2023, 20:55",TRUE
S901234A567900,tax,FALSE,"Dear Taxpayer, our records indicate you might have refund rights! Quick check for 2018-2023 refunds here: http://tax.bit.ly/3cGEyfq or remove: http://tax.s4f.im/nte.","11/05/2023, 18:37",TRUE
S012345A678911,050-8709086,FALSE,"Immediate loan approval for up to 20,000 NIS! Call now: 0508709086.","21/06/2023, 10:14",FALSE
S123456A789014,054-6123656,FALSE,Mortgage benefits now available! Up to 85 home value. Details here: http://checkyourtaxrefunds.bit.ly/44ovPrC or remove: http://checkyourtaxrefunds.l5k.me/LXoUm.,"24/07/2023, 18:27",FALSE
S352109A847626,033-030885,FALSE,Your 2017 tax refund is waiting! Check it out now: http://TaxRefundsFree.atj.io/cXrmmY or remove: http://TaxRefundsFree.atj.io/QhRL1A.,"02/10/2023, 15:11",TRUE
S476521A098766,Refunds,FALSE,"Important notice: Renters in the last six years are eligible for a free tax refund check. The refund amount can reach up to 18,000. Check now if you are eligible to get your money back. Check the refund for free here: http://TaxFree.tinyurl.com/2p94ssz. To unsubscribe, send remove to 0723953047.","27/01/2022, 09:07",TRUE
S734689A482913,QuickTAXM,FALSE,Workers from the last six years who rented? You are eligible to receive money back from a tax refund!! Click here to check for free: http://quicktax.d9.ai/s/343b5m/8hnb. To unsubscribe: http://easyrefunds4u.d9.ai/u/emmu31.,"01/03/2022, 12:32",TRUE
S123456A789013,RefundTax,FALSE,Check if you are eligible for a tax refund for 2019-2020 without any upfront payment! Use the link: http://taxrefund.bit.ly/3y8uynd. To unsubscribe: http://SmartRefund.glb.al/u5206.,"29/11/2021, 18:12",TRUE
S234567A890124,MyReTax,FALSE,Check your eligibility for a tax refund for 2018 with no upfront payment. Up to 20K NIS are waiting for you! Click here: http://bit.ly/ehz3r. To unsubscribe: http://bit.ly/kzus4.,"21/05/2022, 20:39",TRUE
S345678A901235,FreeMoney,FALSE,"Workers from the last six years who rented? You are eligible to receive a tax refund ranging between 8,000 to 10,000 per person. Click here to check for free: http://easytax.d9.ai/s/343b5m/8i8l. To unsubscribe: http://taxrefund.d9.ai/u/etr7do.","10/03/2022, 10:20",TRUE
S456789A012346,TaxExpress,FALSE,Renters? You are eligible to receive a tax refund. Check now for free: http://checkforfreetaxes.elae.me/m-free.,"02/06/2022, 19:29",TRUE
S567890A123457,FreeMoney,FALSE,Nadav CS the tax refund for 2016 is about to expire! The refund is calculated over six years and only for the last periods. Dont lose your money. Check eligibility for free: http://quicktax.maxtaxrefund.org/eligibilitycheck. Call 0747809158 or unsubscribe here: http://SmartRefund.l5k.me/nzgue_IVyHv.,"31/10/2022, 13:14",TRUE
S678901A234568,Schirim,FALSE,"If you worked as renters over the last six years and paid income tax, you may be eligible for a tax refund of up to 18,000. Check now for free how much your refund is. Quick and free check here: http://quicktax.lp2.xyz/DEKhf_IVyHv. To unsubscribe, send remove to 0723941786.","30/08/2022, 09:44",TRUE
S789012A345679,TaxService,FALSE,"Stav Compi, Check your eligibility for a tax refund now! The average refund is 5,000 NIS. Click here: http://taxfree.example.com/link1","01/01/2024, 10:00",TRUE
S890123A456790,QuickRefund,FALSE,Stav Aviram - Army you may qualify for a tax refund of 8K-20K NIS. Check for free at: http://quickcashpro.example.com/link2,"02/01/2024, 11:30",TRUE
S901234A567901,EasyTaxRefund,FALSE,"Stav Compi Rep, Last chance! Verify your eligibility for a tax return. Up to 12,000 NIS awaits you. Click here: http://easytax.example.com/link3","03/01/2024, 09:15",TRUE
S012345A671112,033-0129472,FALSE,Get your maximum tax refund guaranteed! Click here to start: http://smartrefund.example.com/link4,"04/01/2024, 14:45",TRUE
S223456A787614,072-3491746,FALSE,Your tax refund for 2018 may be higher than you think. Check now: http://checkforfreetaxes.example.com/link5,"05/01/2024, 16:00",TRUE
S352109A847627,FreeTax,FALSE,Find out how much your tax refund for 2020 is worth. Start here: http://easyrefunds4u.example.com/link6,"06/01/2024, 13:25",TRUE
S476521A098767,SmartRefund,FALSE,Hello Stav Aviram - Army. Employees in the last 6 years are eligible for a tax refund of up to 11K NIS. Find out now: http://quickcashpro.example.com/link7,"07/01/2024, 12:10",TRUE
S734689A482914,054-5172640,FALSE,Important: Tax refunds for 2022 are available! Click here to claim yours: http://taxrefund.example.com/link8,"08/01/2024, 08:50",TRUE
S123456A787654,TaxEasy,FALSE,"Hello Stav Combinatorics Partner, verify your eligibility for a tax refund. Dont miss out! Start here: http://smartrefund.example.com/link9","09/01/2024, 15:35",TRUE
S234567A890125,FastRefunds,FALSE,Your eligibility for a refund is pending. Click here to verify: http://checkforfreetaxes.example.com/link15,"10/01/2024, 11:20",TRUE
S345678A901236,TaxService,FALSE,Maximize your tax refund in minutes! Click here: http://taxrefund.example.com/link114,"11/01/2024, 09:00",TRUE
S456789A012347,QuickRefund,FALSE,"Stav Compi Rep, thousands of employees are eligible for refunds! See if you qualify: http://smartrefund.example.com/link12","12/01/2024, 17:40",TRUE
S567890A123458,EasyTaxRefund,FALSE,Your tax refund for year 2018 is waiting! Verify here: http://quickcashpro.example.com/link13,"13/01/2024, 19:15",TRUE
S678901A234569,033-0129472,FALSE,Free tax refund eligibility check available now. Click here: http://easytax.example.com/link154,"14/01/2024, 12:05",TRUE
S789012A345680,072-3491746,FALSE,Check if you qualify for a tax refund for year 2018. Click here: http://checkforfreetaxes.example.com/link15,"15/01/2024, 14:00",TRUE
S890123A456791,FreeTax,FALSE,Employees in the last 7 years are eligible for refunds. Click to check: http://smartrefund.example.com/link167,"16/01/2024, 08:30",TRUE
S901234A567902,SmartRefund,FALSE,Important! Check your tax refund eligibility for 2018-2023 today. Click here: http://taxrefund.example.com/link17,"17/01/2024, 10:10",TRUE
S012345A671113,054-5172640,FALSE,See how much you are owed in a tax refund! Start here: http://quicktaxpro.example.com/link18,"18/01/2024, 11:45",TRUE
S123456A711123,TaxEasy,FALSE,"Stav Compi, Your refund could be worth up to 20K NIS. Verify now: http://easyrefunds4u.example.com/link19","19/01/2024, 13:50",TRUE
S352109A847628,FastRefunds,FALSE,"Stav Compi Rep, our records show your tax refunds are unclaimed. Find out your refund: http://easytax.example.com/link20","20/01/2024, 15:20",TRUE
S476521A098768,TaxService,FALSE,Tax refunds made easy! Check your eligibility for 2020 tax refunds here: http://checkforfreetaxes.example.com/link251,"21/01/2024, 09:25",TRUE
S734689A482915,QuickRefund,FALSE,"Stav Compi Rep, up to 30K NIS in tax refunds available. Dont wait! Click: http://smartcash.example.com/link22","22/01/2024, 10:15",TRUE
S123456A789015,EasyTaxRefund,FALSE,Your refund eligibility for 2019 expires soon! Verify here: http://easytax.example.com/link23,"23/01/2024, 12:40",TRUE
S234567A890126,033-0129472,FALSE,Have you worked in the last 6 years? You might qualify for a refund for year 2018 to 2014! Check now: http://taxfree.example.com/link24,"24/01/2024, 14:35",TRUE
S345678A901237,072-3491746,FALSE,"Stav Aviram - Army, good news, tax refunds simplified! Find out how much youre owed: http://quickcashpro.example.com/link25","25/01/2024, 16:25",TRUE
S456789A012348,FreeTax,FALSE,Your 2020 tax refund check is free and simple. Start here: http://taxfree.example.com/link29,"26/01/2024, 09:50",TRUE
S567890A123459,SmartRefund,FALSE,Discover your tax refund potential today. Click here: http://smartrefund.example.com/link27,"27/01/2024, 11:30",TRUE
S678901A234570,054-5172640,FALSE,Tax refunds are unclaimed every year! Start here: http://easytax.example.com/link28,"28/01/2024, 13:05",TRUE
S789012A345681,TaxEasy,FALSE,Get a full refund estimation in minutes - most estimations show refunds of up to 15K NIS! Click here: http://checkforfreetaxes.example.com/link29,"29/01/2024, 15:45",TRUE
S890123A456792,FastRefunds,FALSE,"Stav Combinatorics Partner, dont miss out! Employees who worked in the last 6 years may qualify for up to 11,000 NIS in 2022 tax refunds. Click here: http://quickcashpro.example.com/link30","30/01/2024, 18:00",TRUE
S901234A567903,054-5172640,FALSE,Important: Tax refunds for 2020 are available! Click here to claim yours: http://taxrefund.example.com/link8,"31/01/2024, 09:10",TRUE
S012345A678914,TaxEasy,FALSE,"Stav Compi Rep, verify your eligibility for a tax refund of up to 15K NIS. Dont miss out! Start here: http://smartcash.example.com/link9","01/02/2024, 10:50",TRUE
S123456A789017,FastRefunds,FALSE,Your eligibility for a refund is pending. Click here to verify: http://checkforfreetaxes.example.com/link10,"02/02/2024, 12:15",TRUE
S352109A847629,TaxService,FALSE,Maximize your tax refund in minutes! Click here: http://taxrefund.example.com/link11,"03/02/2024, 14:20",TRUE
S476521A098769,QuickRefund,FALSE,Thousands of employees are eligible for refunds! See if you qualify: http://smartrefund.example.com/link12,"04/02/2024, 15:40",TRUE
S734689A482916,EasyTaxRefund,FALSE,Hello Stav My Love! Your tax refund of up to 10K NIS is waiting! Verify here: http://quickcashpro.example.com/link13,"05/02/2024, 11:35",TRUE
S123456A789016,033-0129472,FALSE,Free tax refund eligibility check available now. Click here: http://easytax.example.com/link14,"06/02/2024, 13:50",TRUE
S234567A890127,072-3491746,FALSE,Check if you qualify for a tax refund for 2023! Click here: http://checkforfreetaxes.example.com/link15,"07/02/2024, 08:25",TRUE
S345678A901238,FreeTax,FALSE,Employees in the last 7 years are eligible for refunds. Click to check: http://smartrefund.example.com/link16,"08/02/2024, 10:15",TRUE
S456789A012349,SmartRefund,FALSE,Important! Check your tax refund eligibility today. Click here: http://taxrefund.example.com/link17,"09/02/2024, 12:50",TRUE
S567890A123460,054-5172640,FALSE,See how much youre owed in a tax refund! Start here: http://quickcashpro.example.com/link18,"10/02/2024, 14:35",TRUE
S678901A234571,TaxEasy,FALSE,"Stav Combinatorics Partner, your refund could be worth up to 20K NIS! Verify now: http://easyrefunds4u.example.com/link19","11/02/2024, 16:20",TRUE
S789012A345682,FastRefunds,FALSE,"Hello Stav Combinatorics Partner, our records show your refunds are unclaimed. Find out your refund: http://easytax.example.com/link20","12/02/2024, 09:05",TRUE
S890123A456793,TaxService,FALSE,Tax refunds made easy! Check your eligibility for 2020 tax refunds here: http://checkforfreetaxes.example.com/link21,"13/02/2024, 11:40",TRUE
S901234A567904,QuickRefund,FALSE,Stav Compi Rep - Up to 30K NIS in tax refunds available. Dont wait! Click: http://smartcash.example.com/link22,"14/02/2024, 13:25",TRUE
S012345A671915,EasyTaxRefund,FALSE,Your refund eligibility expires soon! Verify here: http://easytax.example.com/link23,"15/02/2024, 15:15",TRUE
S123456A789018,033-0129472,FALSE,Have you worked in the last 6 years? You might qualify for a refund! Check now: http://taxfree.example.com/link24,"16/02/2024, 17:00",TRUE
S352109A847630,072-3491746,FALSE,Tax refunds simplified! Find out how much youre owed: http://taxpro.example.com/link25,"17/02/2024, 09:45",TRUE
S476521A098770,FreeTax,FALSE,Your 2020 tax refund check is free and simple. Start here: http://taxfree.example.com/link26,"18/02/2024, 11:30",TRUE
S734689A482917,SmartRefund,FALSE,Stav Aviram - Army discover your tax refund potential today. Click here: http://smartrefund.example.com/link27,"19/02/2024, 13:50",TRUE
S123456A789009,TaxMax,FALSE,"Stav Compi, Your 2018 tax refund of 10,400 NIS is ready! Check it now in an easy, secure, and reliable way without delays. Click to claim: http://mivtachimfinance.co.il/smsmass.","02/04/2024, 21:53",TRUE
S983475A124387,DREAMCARD,FALSE,"Nadav CS, Enjoy 40 discount and 10 CASH BACK for club members on brands such as FOX, HOOM, MANGO, AMERICAN EAGLE, AERIE, LALINE, THE CHILDRENS PLACE, ANGEL, ANGEL B, BILLABONG, BORDERLINE, and QUIKSILVER. Use the FOX website: https://cli.re/FOX FOX HOME: https://bit.ly/3YM80rN Laline website: https://bit.ly/3UOCb0g Terminal X: https://bit.ly/3AJiZKK Valid until 30/11/2024. Discounts cannot be combined. Does not apply to gift card purchases or additional benefits. Participating brands subject to club terms. For more details or to unsubscribe, contact: 050-8085704.","30/11/2024, 12:01",FALSE
S582047B123456,rebar,FALSE,"Hi Nadav CS, it has been a while since we met. Your reservations are waiting for you to come back! Black Friday celebrations have arrived at rebar. Club members enjoy drinks for just 20 NIS, exclusively via the app! Order now at: https://rebar.onelink.me/e3Mb/igwe0hfm","30/11/2024, 16:06",FALSE
S723019X912345,KOL MATRAA,FALSE,"External loans available immediately for all bank customers, up to 100,000 NIS with no approval fee. The loan can help reduce high interest charges on overdrafts and other expenses. For more details: https://bit.ly/3UiJehO Unsubscribe: https://l5k.me/ic9j8_l8Ysl","22/10/2024, 15:27",FALSE
S456738X908765,FitnessClub,FALSE,"Hi Nadav, its time to get fit! Enjoy a special Black Friday offer: 50 off annual gym memberships at FitnessClub. Offer valid until 03/12/2024. Join now and start your journey! Unsubscribe: https://bit.ly/3xYZ123","30/11/2024, 18:00",FALSE
S982123A547812,CoffeeShopPro,FALSE,Hi Nadav! Your favorite CoffeeShop is offering 21 on all premium coffee blends this weekend only! Dont miss it  valid until 01/12/2024. Order here: https://bit.ly/3CoffeePromo Unsubscribe: https://l5k.me/unsubcoffee,"29/11/2024, 11:45",FALSE
S873492X601234,TravelMax,FALSE,"Nadav, pack your bags! Exclusive deals on flights to Europe  up to 30 off. Book your winter getaway by 05/12/2024 to enjoy the discount. Visit: https://TravelMaxDeals.com/Europe Unsubscribe: https://bit.ly/3UnsubTravel","28/11/2024, 14:30",FALSE
S934871X098345,ElectroDeals,FALSE,"Hi Nadav CS Rep! Enjoy up to 50 off on top electronics this winter. Valid on TVs, headphones, and more!
Offer ends 10/12/2024. Dont miss out!
Shop now: https://bit.ly/WinterElectroDeals
Unsubscribe: https://bit.ly/unsubElectroDeals","02/12/2024, 14:30",FALSE
S823749X617825,GymPro,FALSE,"Hi Nadav CS Rep! Join GymPro now and get your first 3 months free. Stay fit and healthy this holiday season.
Limited-time offer  register by 05/12/2024!
Sign up here: https://bit.ly/GymProMembership
Unsubscribe: https://bit.ly/unsubGymPro","30/11/2024, 09:45",FALSE
S814563X907126,HomeStyle,FALSE,"Nadav, dont miss HomeStyles Black Friday Sale! Save up to 60 on sofas, beds, and more.
Shop now: https://bit.ly/HomeStyleDeals
Offer valid till 04/12/2024.
Unsubscribe: https://bit.ly/unsubHomeStyle","29/11/2024, 12:15",FALSE
S392874X102365,StyleHub,FALSE,"Hi Nadavi the best there is, StyleHubs end-of-season sale is here  enjoy up to 70 off on all clothing and accessories.
Hurry, sale ends 08/12/2024!
Shop now: https://bit.ly/StyleHubDeals
Unsubscribe: https://bit.ly/unsubStyleHub","03/12/2024, 10:01",FALSE
S847239X603728,WanderWorld,FALSE,"Hi Nadavi compi partner! Pack your bags with WanderWorld  up to 40 off on flights to top destinations!
Book by 07/12/2024 to grab your discount.
Explore deals: https://bit.ly/WinterTravelDeals
Unsubscribe: https://bit.ly/unsubTravelDeals","01/12/2024, 11:12",FALSE
S847239X603721,SpaHaven,FALSE,"Hi Nadav rep CS! Relax and unwind with SpaHavens exclusive weekend offer  25 off on all spa packages.
Book now: https://bit.ly/SpaWeekendDeals
Offer valid till 03/12/2024.
Unsubscribe: https://bit.ly/unsubSpaHaven","02/12/2024, 14:31",FALSE
S847239X601118,TzometSfarim,FALSE,"Hi Nadav Hamilton! Get your hands on bestselling books with ReadMores Black Friday offer  21 free on all titles!
Shop today: https://bit.ly/BookstoreDeals
Valid till 01/12/2024.
Unsubscribe: https://bit.ly/unsubReadMore","30/11/2024, 09:46",FALSE
S847239X113721,DREAMCARD,FALSE,"Hi Nadav! DREAMCARD offers exclusive deals  40 discount and 10 CASH BACK for club members on brands such as FOX, HOOM, MANGO, AMERICAN EAGLE, and more!
Valid until 30/11/2024. Terms apply.
Shop now: https://bit.ly/DREAMCARDDeals
Unsubscribe: https://bit.ly/unsubDreamCard","29/11/2024, 12:16",FALSE
S582047B123198,rebar,FALSE,"Hi Nadavi combi partner, Its time for a treat. Black Friday celebrations are here at rebar. Club members enjoy drinks for just 20 NIS via the app!
Order now: https://bit.ly/rebarBlackFriday
Valid till 01/12/2024.
Unsubscribe: https://bit.ly/unsubRebar","03/12/2024, 10:02",FALSE
S723019X912125,StyleHub,FALSE,"Hi Nadav Hamilton! StyleHubs end-of-season sale is here  up to 70 off on all clothing and accessories.
Shop now: https://bit.ly/StyleHubDeals
Hurry, offer ends 08/12/2024!
Unsubscribe: https://bit.ly/unsubStyleHub","01/12/2024, 11:13",FALSE
S456738X908543,HomeStyle,FALSE,"Hi Nadav, Black Friday deals are live at HomeStyle  save up to 60 on furniture and home decor.
Shop now: https://bit.ly/HomeStyleDeals
Offer valid till 04/12/2024.
Unsubscribe: https://bit.ly/unsubHomeStyle","02/12/2024, 14:32",FALSE
S982123A541122,SpaHaven,FALSE,"Hi Nadav! Relax and rejuvenate with SpaHavens weekend special  25 off on all spa packages.
Book now: https://bit.ly/SpaDeals123
Offer ends 03/12/2024.
Unsubscribe: https://bit.ly/unsubSpaHaven","30/11/2024, 09:47",FALSE
S505746A208343,TaxAlerts,FALSE,"Stav CS Technion, our records show you are eligible for a tax refund. Visit http://verify-tax.org/b02fm6a7 before 07/10/2024, 10:34. Click here: http://short.ly/n57xo0a8.","22/10/2024, 15:28",TRUE
S399289A990880,TaxAlerts,FALSE,"Nadav the best partner, our records show you are eligible for a tax refund. Visit http://verify-tax.org/zm17fz2q before 28/02/2024, 10:34. Click here: https://tax-claim.com/s41alvi5.","30/11/2024, 18:01",TRUE
S216873A278941,053-4537608,FALSE,"Stav combi partner, our records show you are eligible for a tax refund. Visit http://verify-tax.org/s3e8iiyv before 12/03/2024, 10:34. Click here: http://verify-tax.org/gek0dcfb.","29/11/2024, 11:46",TRUE
S552075A397447,TaxAlerts,FALSE,"Nadav, our records show you are eligible for a tax refund. Visit https://tax-claim.com/0b3jnaer before 29/09/2024, 10:34. Click here: http://verify-tax.org/0ukunefn.","28/11/2024, 14:31",TRUE
S409002A166504,Refunds,FALSE,"Nadav Numeric Algorithms, our records show you are eligible for a tax refund. Visit https://tax-claim.com/00keis8w before 23/12/2023, 10:34. Click here: http://verify-tax.org/yaoq3ikj.","02/12/2024, 14:31",TRUE
S596315A917276,Ron numeric algorithms,TRUE,Check the draft I sent for the numeric algorithms paper,"30/11/2024, 09:46",FALSE
S626884A896680,Aya,TRUE,Dinner with the team is set for Friday. Let me know if youll join!,"29/11/2024, 12:16",FALSE
S688593A364525,Aya,TRUE,Meeting scheduled at 10:30 tomorrow. Dont forget the presentation materials!,"03/12/2024, 10:02",FALSE
S982717A360757,Shiri,TRUE,Ill call you back later.,"01/12/2024, 11:13",FALSE
S409111A166504,TzometSfarim,FALSE,"Nadav, a reminder for your birthday discount: 50 on the second book! Dont miss out before it expires at the end of the month.","02/12/2024, 14:32",FALSE
S505746A208344,Guy My Love,TRUE,"Im having issues with Whatsapp, lets talk here","30/11/2024, 09:47",FALSE
S399289A990881,HopeForIsrael,TRUE,What would you do to thank our soldiers? 1. Pray 2. Donate 3. Keep Shabbat,"29/11/2024, 12:17",FALSE
S227640A257056,Alex,TRUE,Got some exciting news to share!!! call me when youre free!,"03/12/2024, 10:03",FALSE
S464634A734428,John,TRUE,Saw something funny today that totally reminded me of you!! ,"01/12/2024, 11:14",FALSE
S883135A243075,Sarah,TRUE,Game night at my place on Friday! Are you in?,"02/12/2024, 14:33",FALSE
S346807A728799,John,TRUE,Do you want to join for dinner tomorrow?,"30/11/2024, 09:48",FALSE
S815997A181976,Emily,TRUE,Miss you! Lets catch up soon.,"30/11/2024, 18:02",FALSE
S127588A142811,Sarah,TRUE,Just checking in. How have you been?,"29/11/2024, 11:47",FALSE
S630113A730895,Michael,TRUE,Can you believe its been a year since our trip?,"28/11/2024, 14:32",FALSE
S580806A532034,Michael,TRUE,Can you send me that recipe you mentioned the other day?,"02/12/2024, 14:32",FALSE
S235137A436134,Rachel,TRUE,Im thinking of getting a new book. Any recommendations?,"30/11/2024, 09:47",FALSE
S987689A111471,Rachel,TRUE,Meet for brunch on Sunday. What do you think?,"29/11/2024, 12:17",FALSE
S252484A546516,Michael,TRUE,Thanks for helping me out the other day. I owe you!,"03/12/2024, 10:03",FALSE
S512829A531481,John,TRUE,Saw something funny today that totally reminded me of you haha https://www.youtube.com/watch?vR3CZMn6z0ZIab_channelSaturdayNightLive,"30/11/2024, 09:48",FALSE
S970604A859789,Emily,TRUE,Did you see the photos from last night? They turned out great!,"29/11/2024, 12:18",FALSE
S936463A791145,Rachel,TRUE,Thinking about youhope all is well!,"30/11/2024, 09:49",FALSE
S608014A730055,Dana,TRUE,When are we going shopping????,"15/03/2024, 10:54",FALSE
S821639A531892,Boaz,TRUE,I saw the funniest memetotally reminded me of you!,"06/11/2024, 09:28",FALSE
S214546A176123,Boaz,TRUE,Let me know when you get home ok?,"07/11/2024, 14:46",FALSE
S780875A622739,Tomer,TRUE,Were you in the seminar today?,"02/11/2024, 20:21",FALSE
S443432A236875,Dani,TRUE,Youre not going to believe thiscall me when you can!,"05/01/2023, 20:28",FALSE
S812897A733549,Dana,TRUE,Are we going to see wicked??,"22/01/2023, 19:58",FALSE
S778277A332278,Eden,TRUE,What time are you free today? Lets catch up.,"28/10/2023, 17:34",FALSE
S903279A317893,Tomer,TRUE,Have you checked out that new place downtown? Its amazing!,"22/01/2023, 11:33",FALSE
S170996A136361,Noga,TRUE,Im craving pizza. Want to join me for some?,"29/10/2024, 12:04",FALSE
S756561A304739,Amit,TRUE,Let me know when youre homeIve got something for you.,"10/09/2024, 10:35",FALSE
S715954A100760,Or,TRUE,Got any weekend plans? Lets do something fun.,"06/08/2024, 15:53",FALSE
S533014A727811,Dani,TRUE,When are we going shopping? I need your advice on something.,"28/08/2024, 10:08",FALSE
S258591A545193,Tomer,TRUE,Just saw your story. Looks like you had a great time!,"22/08/2024, 14:12",FALSE
S315614A807140,Shiri,TRUE,Can you believe its already December? This year flew by!,"22/08/2024, 14:15",FALSE
S200748A245704,Amir,TRUE,Did you see the group chat? That was hilarious!,"16/01/2024, 20:04",FALSE
S829785A628865,Or,TRUE,Morning! Do you want to grab breakfast together?,"06/03/2024, 20:13",FALSE
S235137A436135,Dani,TRUE,"You have to listen to this song, youll love it! https://www.youtube.com/watch?vBY_XwvKogC8listRDMMBY_XwvKogC8start_radio1ab_channelBillieEilishVEVO","30/04/2024, 20:19",FALSE
S987689A111472,Dani,TRUE,Thats great! How about this one? https://www.youtube.com/watch?vHjBo--1n8lIlistRDMMBY_XwvKogC8index2ab_channelNFL,"17/06/2024, 20:21",FALSE
S252484A546517,Dani,TRUE,I have it in loop allll dayyyy https://www.youtube.com/watch?vLrUm1UKwwiwlistRDMMBY_XwvKogC8index3ab_channelArianaGrande-Topic,"13/06/2024, 12:03",FALSE
S227640A257057,Bit,FALSE,Noam sent you money via bit! 75 NIS are waiting for you in bit app. Approve it now: https://bitpay.com/app/transaction-info?i282FX63,"13/06/2024, 10:15",FALSE
S464634A734429,Bit,FALSE,Guy My Love sent you money via bit! 133 NIS are waiting for you in bit app. Approve it now: https://bitpay.com/app/transaction-info?i282FX64,"03/07/2024, 13:41",FALSE
S883135A243076,Bit,FALSE,Shiri sent you money via bit! 31 NIS are waiting for you in bit app. Approve it now: https://bitpay.com/app/transaction-info?i282FX65,"11/08/2024, 10:33",FALSE
S346807A728800,Bit,FALSE,Dani sent you money via bit! 45 NIS are waiting for you in bit app. Approve it now: https://bitpay.com/app/transaction-info?i282FX66,"12/08/2024, 14:22",FALSE
S815997A181977,Bit,FALSE,Tamari sent you money via bit! 112 NIS are waiting for you in bit app. Approve it now: https://bitpay.com/app/transaction-info?i282FX67,"12/07/2023, 09:20",FALSE
S127588A142812,Bit,FALSE,Regev CS Technion sent you money via bit! 47 NIS are waiting for you in bit app. Approve it now: https://bitpay.com/app/transaction-info?i282FX68,"28/11/2023, 13:56",FALSE
S630113A730896,Bit,FALSE,Noam sent you money via bit! 91 NIS are waiting for you in bit app. Approve it now: https://bitpay.com/app/transaction-info?i282FX69,"07/12/2023, 10:41",FALSE
S580806A532035,Bit,FALSE,Ido  CS Technion sent you money via bit! 24 NIS are waiting for you in bit app. Approve it now: https://bitpay.com/app/transaction-info?i282FX70,"29/10/2023, 13:23",FALSE
S352109A844424,Bit,FALSE,Amit  CS Technion sent you money via bit! 47 NIS are waiting for you in bit app. Approve it now: https://bitpay.com/app/transaction-info?i282FX71,"29/10/2023, 15:14",FALSE
S476521A000764,Bit,FALSE,Mia sent you money via bit! 123 NIS are waiting for you in bit app. Approve it now: https://bitpay.com/app/transaction-info?i282FX72,"25/02/2024, 11:14",FALSE
S734689A282911,Bit,FALSE,Alma sent you money via bit! 230 NIS are waiting for you in bit app. Approve it now: https://bitpay.com/app/transaction-info?i282FX73,"08/02/2024, 09:55",FALSE
S512829A531482,Bit,FALSE,Inna sent you money via bit! 63 NIS are waiting for you in bit app. Approve it now: https://bitpay.com/app/transaction-info?i282FX74,"18/03/2024, 13:09",FALSE
S970604A859790,Bit,FALSE,Yael Fink sent you money via bit! 45 NIS are waiting for you in bit app. Approve it now: https://bitpay.com/app/transaction-info?i282FX75,"16/04/2024, 10:28",FALSE
S936463A791146,Bit,FALSE,Boaz sent you money via bit! 100 NIS are waiting for you in bit app. Approve it now: https://bitpay.com/app/transaction-info?i282FX76,"02/04/2024, 20:14",FALSE
S608014A730056,Bit,FALSE,Noga CS Technion sent you money via bit! 25 NIS are waiting for you in bit app. Approve it now: https://bitpay.com/app/transaction-info?i282FX77,"03/06/2024, 09:05",FALSE
S821639A531893,Bit,FALSE,Or CS sent you money via bit! 50 NIS are waiting for you in bit app. Approve it now: https://bitpay.com/app/transaction-info?i282FX78,"21/08/2022, 16:52",FALSE
S214546A176124,Bit,FALSE,Nadav - Guys brother sent you money via bit! 33 NIS are waiting for you in bit app. Approve it now: https://bitpay.com/app/transaction-info?i282FX79,"15/02/2023, 21:47",FALSE
S780875A622740,Bit,FALSE,Eyal sent you money via bit! 46 NIS are waiting for you in bit app. Approve it now: https://bitpay.com/app/transaction-info?i282FX80,"05/03/2023, 20:43",FALSE
S443432A236876,Bit,FALSE,Lama sent you money via bit! 55 NIS are waiting for you in bit app. Approve it now: https://bitpay.com/app/transaction-info?i282FX81,"06/03/2023, 11:36",FALSE
S227640A257058,Bit,FALSE,Noam sent you money via bit! 75 NIS are waiting for you in bit app. Approve it now: https://bitpay.com/app/transaction-info?i282FX91,"02/05/2023, 20:18",FALSE
S464634A734430,Bit,FALSE,Shiri sent you money via bit! 100 NIS are waiting for you in bit app. Approve it now: https://bitpay.com/app/transaction-info?i282FX92,"21/05/2023, 20:56",FALSE
S883135A243077,Bit,FALSE,Guy sent you money via bit! 150 NIS are waiting for you in bit app. Approve it now: https://bitpay.com/app/transaction-info?i282FX93,"11/05/2023, 18:38",FALSE
S346807A728801,Bit,FALSE,Tamar sent you money via bit! 200 NIS are waiting for you in bit app. Approve it now: https://bitpay.com/app/transaction-info?i282FX94,"21/06/2023, 10:15",FALSE
S815997A181978,Bit,FALSE,Noga CS Technion sent you money via bit! 90 NIS are waiting for you in bit app. Approve it now: https://bitpay.com/app/transaction-info?i282FX95,"24/07/2023, 18:28",FALSE
S127588A142813,Bit,FALSE,Alma sent you money via bit! 120 NIS are waiting for you in bit app. Approve it now: https://bitpay.com/app/transaction-info?i282FX96,"02/10/2023, 15:12",FALSE
S630113A730897,Bit,FALSE,Inna sent you money via bit! 50 NIS are waiting for you in bit app. Approve it now: https://bitpay.com/app/transaction-info?i282FX97,"27/01/2022, 09:08",FALSE
S580806A532036,Bit,FALSE,Dani sent you money via bit! 110 NIS are waiting for you in bit app. Approve it now: https://bitpay.com/app/transaction-info?i282FX98,"01/03/2022, 12:33",FALSE
S235137A436136,Bit,FALSE,Amit CS Technion sent you money via bit! 30 NIS are waiting for you in bit app. Approve it now: https://bitpay.com/app/transaction-info?i282FX99,"29/11/2021, 18:13",FALSE
S987689A111473,Bit,FALSE,Yael Fink sent you money via bit! 80 NIS are waiting for you in bit app. Approve it now: https://bitpay.com/app/transaction-info?i282FX100,"21/05/2022, 20:40",FALSE
S252484A546518,Guy My Love,TRUE,This is us https://www.facebook.com/share/v/18eJiaF4in/,"21/06/2023, 10:16",FALSE
S512829A531483,Guy My Love,TRUE,Stavi did you call Gigi?,"24/07/2023, 18:29",FALSE
S970604A859791,Guy My Love,TRUE,Ill call you back,"02/10/2023, 15:13",FALSE
S936463A791147,Guy My Love,TRUE,Stavi we have to try this https://www.youtube.com/shorts/xEF9u6K0WBc,"27/01/2022, 09:09",FALSE
S608014A730057,Guy My Love,TRUE,Try this parking Use Waze to drive to Haifa: https://waze.com/ul/hsvbfs5sps,"01/03/2022, 12:34",FALSE
S883135A243078,M_Hashuk ,FALSE,Your order from Makhsanei Hashuk has been collected. Click here to view the receipt: https://M_Hashuk.com/r87SA3,"06/11/2024, 09:29",FALSE
S346807A728802,M_Hashuk ,FALSE,Your order from Makhsanei Hashuk has been collected. Click here to view the receipt: https://M_Hashuk.com/r198S2,"07/11/2024, 14:47",FALSE
S815997A181979,M_Hashuk ,FALSE,Your order from Makhsanei Hashuk has been collected. Click here to view the receipt: https://M_Hashuk.com/r64A28,"02/11/2024, 20:22",FALSE
S127588A142814,M_Hashuk ,FALSE,Your order from Makhsanei Hashuk has been collected. Click here to view the receipt: https://M_Hashuk.com/r87SA4,"05/01/2023, 20:29",FALSE
S630113A730898,M_Hashuk ,FALSE,Your order from Makhsanei Hashuk has been collected. Click here to view the receipt: https://M_Hashuk.com/r198S3,"22/01/2023, 19:59",FALSE
S580806A532037,M_Hashuk ,FALSE,Your order from Makhsanei Hashuk has been collected. Click here to view the receipt: https://M_Hashuk.com/r64A29,"28/10/2023, 17:35",FALSE
S235137A436137,M_Hashuk ,FALSE,Your order from Makhsanei Hashuk has been collected. Click here to view the receipt: https://M_Hashuk.com/r87SA5,"22/01/2023, 11:34",FALSE
S987689A111474,M_Hashuk ,FALSE,Your order from Makhsanei Hashuk has been collected. Click here to view the receipt: https://M_Hashuk.com/r198S4,"29/10/2024, 12:05",FALSE
S252484A546519,M_Hashuk ,FALSE,Your order from Makhsanei Hashuk has been collected. Click here to view the receipt: https://M_Hashuk.com/r64A30,"10/09/2024, 10:36",FALSE
S512829A531484,M_Hashuk ,FALSE,Your order from Makhsanei Hashuk has been collected. Click here to view the receipt: https://M_Hashuk.com/r87SA6,"06/08/2024, 15:54",FALSE
S970604A859792,M_Hashuk ,FALSE,Your order from Makhsanei Hashuk has been collected. Click here to view the receipt: https://M_Hashuk.com/r198S5,"28/08/2024, 10:09",FALSE
S936463A791148,M_Hashuk ,FALSE,Your order from Makhsanei Hashuk has been collected. Click here to view the receipt: https://M_Hashuk.com/r64A31,"22/08/2024, 14:18",FALSE
S608014A730058,M_Hashuk ,FALSE,Your order from Makhsanei Hashuk has been collected. Click here to view the receipt: https://M_Hashuk.com/r87SA7,"22/08/2024, 14:21",FALSE
S123456A788433,M_Hashuk ,FALSE,Your order from Makhsanei Hashuk has been collected. Click here to view the receipt: https://M_Hashuk.com/r198S6,"16/01/2024, 20:05",FALSE
S970604A859793,M_Hashuk ,FALSE,Your order from Makhsanei Hashuk has been collected. Click here to view the receipt: https://M_Hashuk.com/r64A32,"06/03/2024, 20:14",FALSE
S936463A791149,M_Hashuk ,FALSE,Your order from Makhsanei Hashuk has been collected. Click here to view the receipt: https://M_Hashuk.com/r87SA8,"30/04/2024, 20:20",FALSE
S734689A482912,M_Hashuk ,FALSE,Your order from Makhsanei Hashuk has been collected. Click here to view the receipt: https://M_Hashuk.com/r198S7,"17/06/2024, 20:22",FALSE
S608014A730059,M_Hashuk ,FALSE,Your order from Makhsanei Hashuk has been collected. Click here to view the receipt: https://M_Hashuk.com/r64A33,"13/06/2024, 12:04",FALSE
S123456A788434,M_Hashuk ,FALSE,Your order from Makhsanei Hashuk has been collected. Click here to view the receipt: https://M_Hashuk.com/r87SA9,"13/06/2024, 10:16",FALSE
S970604A859794,M_Hashuk ,FALSE,Your order from Makhsanei Hashuk has been collected. Click here to view the receipt: https://M_Hashuk.com/r198S8,"03/07/2024, 13:42",FALSE
S936463A791150,M_Hashuk ,FALSE,Your order from Makhsanei Hashuk has been collected. Click here to view the receipt: https://M_Hashuk.com/r64A34,"11/08/2024, 10:34",FALSE
S734689A481113,M_Hashuk ,FALSE,Your order from Makhsanei Hashuk has been collected. Click here to view the receipt: https://M_Hashuk.com/r87SA10,"12/08/2024, 14:23",FALSE
S608014A730060,M_Hashuk ,FALSE,Your order from Makhsanei Hashuk has been collected. Click here to view the receipt: https://M_Hashuk.com/r198S9,"12/07/2023, 09:21",FALSE
S123456A788435,M_Hashuk ,FALSE,Your order from Makhsanei Hashuk has been collected. Click here to view the receipt: https://M_Hashuk.com/r64A35,"28/11/2023, 13:57",FALSE
S970604A859795,M_Hashuk ,FALSE,Your order from Makhsanei Hashuk has been collected. Click here to view the receipt: https://M_Hashuk.com/r87SA11,"07/12/2023, 10:42",FALSE
S734689A481114,yellow,FALSE,"A new receipt has been received from Paz.
To view, click here:
public.pairzon.com/1250/ZgmFnoEaoRqbwpArJAXx
The receipt will automatically move to the system.
For terms of use and privacy:
bit.ly/pazpriv","27/01/2022, 09:10",FALSE
S608014A730061,yellow,FALSE,"A new receipt has been received from Paz.
To view, click here:
public.pairzon.com/1781/ZgAs5Gf6FArJ781SdAXt
The receipt will automatically move to the system.
For terms of use and privacy:
bit.ly/pazpriv","01/03/2022, 12:35",FALSE
S123456A788436,yellow,FALSE,"A new receipt has been received from Paz.
To view, click here:
public.pairzon.com/1236/sEr18D2S6gD7J99aSfv
The receipt will automatically move to the system.
For terms of use and privacy:
bit.ly/pazpriv","06/11/2024, 09:30",FALSE
S970604A859796,yellow,FALSE,"A new receipt has been received from Paz.
To view, click here:
public.pairzon.com/2501/ZGmFnoEqwrYbprAJTXc
The receipt will automatically move to the system.
For terms of use and privacy:
bit.ly/pazpriv","07/11/2024, 14:48",FALSE
S734689A481115,yellow,FALSE,"A new receipt has been received from Paz.
To view, click here:
public.pairzon.com/3002/ApzFgKoMqRt7wV9LJnCc
The receipt will automatically move to the system.
For terms of use and privacy:
bit.ly/pazpriv","02/11/2024, 20:23",FALSE
S608014A730062,yellow,FALSE,"A new receipt has been received from Paz.
To view, click here:
public.pairzon.com/1783/QrpNoAwtQqBgpXJhMNpK
The receipt will automatically move to the system.
For terms of use and privacy:
bit.ly/pazpriv","05/01/2023, 20:30",FALSE
S123456A785432,yellow,FALSE,"A new receipt has been received from Paz.
To view, click here:
public.pairzon.com/5432/LMmNoWEqFpQzBrJA76Xt
The receipt will automatically move to the system.
For terms of use and privacy:
bit.ly/pazpriv","22/01/2023, 19:60",FALSE
S970604A859797,yellow,FALSE,"A new receipt has been received from Paz.
To view, click here:
public.pairzon.com/6145/FGpVoTBrMoQJ9RtKZ6Cc
The receipt will automatically move to the system.
For terms of use and privacy:
bit.ly/pazpriv","28/10/2023, 17:36",FALSE
S734689A481116,yellow,FALSE,"A new receipt has been received from Paz.
To view, click here:
public.pairzon.com/7891/RTaNpWLQrMoYZ7XpA6Cc
The receipt will automatically move to the system.
For terms of use and privacy:
bit.ly/pazpriv","22/01/2023, 11:35",FALSE
S734689A482763,yellow,FALSE,"A new receipt has been received from Paz.
To view, click here:
public.pairzon.com/9876/ZMpFgQrYtNo6JA7BXpTC
The receipt will automatically move to the system.
For terms of use and privacy:
bit.ly/pazpriv","29/10/2024, 12:06",FALSE
S970604A859798,yellow,FALSE,"A new receipt has been received from Paz.
To view, click here:
public.pairzon.com/3354/NPyWoQrMoT9LpZXJ76Ca
The receipt will automatically move to the system.
For terms of use and privacy:
bit.ly/pazpriv","10/09/2024, 10:37",FALSE
S734689A484410,yellow,FALSE,"A new receipt has been received from Paz.
To view, click here:
public.pairzon.com/1278/QTZNoW7XMpLrYA6JBpCa
The receipt will automatically move to the system.
For terms of use and privacy:
bit.ly/pazpriv","06/08/2024, 15:55",FALSE
S734689A486057,yellow,FALSE,"A new receipt has been received from Paz.
To view, click here:
public.pairzon.com/9021/ZQoNpW6YTJ7XBrLpACCa
The receipt will automatically move to the system.
For terms of use and privacy:
bit.ly/pazpriv","28/08/2024, 10:10",FALSE
S970604A859799,yellow,FALSE,"A new receipt has been received from Paz.
To view, click here:
public.pairzon.com/1468/ZMxFgBrWoQNZLp6JA7TC
The receipt will automatically move to the system.
For terms of use and privacy:
bit.ly/pazpriv","22/08/2024, 14:24",FALSE
S734689A487705,yellow,FALSE,"A new receipt has been received from Paz.
To view, click here:
public.pairzon.com/5632/QWoTZ7LpBrYNoXA6MpCa
The receipt will automatically move to the system.
For terms of use and privacy:
bit.ly/pazpriv","22/08/2024, 14:27",FALSE
S734689A489366,yellow,FALSE,"A new receipt has been received from Paz.
To view, click here:
public.pairzon.com/8471/RTNoYQWZLpBr6JA7XMpCa
The receipt will automatically move to the system.
For terms of use and privacy:
bit.ly/pazpriv","16/01/2024, 20:06",FALSE
S608014A732062,yellow,FALSE,"A new receipt has been received from Paz.
To view, click here:
public.pairzon.com/9754/MNoQWoZBrLpYJ6TA7XpCa
The receipt will automatically move to the system.
For terms of use and privacy:
bit.ly/pazpriv","06/03/2024, 20:15",FALSE
S123456A788198,yellow,FALSE,"A new receipt has been received from Paz.
To view, click here:
public.pairzon.com/5681/ZQoNpWBrMoJ6TA7XpLYCa
The receipt will automatically move to the system.
For terms of use and privacy:
bit.ly/pazpriv","30/04/2024, 20:21",FALSE
S608014A732099,yellow,FALSE,"A new receipt has been received from Paz.
To view, click here:
public.pairzon.com/3782/RTNoYQJZLpBrW6MpA7Ca
The receipt will automatically move to the system.
For terms of use and privacy:
bit.ly/pazpriv","17/06/2024, 20:23",FALSE
S012345A678912,yellow,FALSE,"A new receipt has been received from Paz.
To view, click here:
public.pairzon.com/2194/ZLpNoWQYJ6BrTA7MpXCa
The receipt will automatically move to the system.
For terms of use and privacy:
bit.ly/pazpriv","13/06/2024, 12:05",FALSE
S970604A859822,yellow,FALSE,"A new receipt has been received from Paz.
To view, click here:
public.pairzon.com/8946/QWZNoYJ6BrMpTA7LpXCca
The receipt will automatically move to the system.
For terms of use and privacy:
bit.ly/pazpriv","13/06/2024, 10:17",FALSE
S734689A498651,yellow,FALSE,"A new receipt has been received from Paz.
To view, click here:
public.pairzon.com/4513/MNoYBrQWZLpJ6TA7XpCa
The receipt will automatically move to the system.
For terms of use and privacy:
bit.ly/pazpriv","03/07/2024, 13:43",FALSE
S734689A491118,yellow,FALSE,"A new receipt has been received from Paz.
To view, click here:
public.pairzon.com/6723/ZQWoBrJ6LpMpTA7NoYXCca
The receipt will automatically move to the system.
For terms of use and privacy:
bit.ly/pazpriv","11/08/2024, 10:35",FALSE
S734689A487774,VIVINO,FALSE,"Hello Stav Aviram, Your reservation for VIVINO Italy on  July 5th, from 20:15 to 22:15 for 2 guests has been received and confirmed.

The table is located in the Mario Bar area.

Please note: parking across the restaurant is free at all hours of the day.

Looking forward to hosting you.
Arrivederci!

https://waze.com/ul/hsbvf2v1j
https://tbit.be/WSbrXm","02/07/2024, 14:24",FALSE
S734689A489651,VIVINO,FALSE,"Hello stav Aviram,
We hope you enjoyed your recent visit to VIVINO Italy.
Wed love to hear your feedback about your experience!

Please take a moment to share your thoughts here:
https://feedback.vivino.com/r3764

Thank you, and we look forward to seeing you again soon!","06/07/2024, 09:22",FALSE
S970604A859800,VIVINO,FALSE,"Hello Stav Aviram, Your reservation for VIVINO Italy on July 12th, from 18:30 to 20:30 for 4 guests has been received and confirmed.

The table is located in the Main Hall area.

Please note: parking across the restaurant is free at all hours of the day.

Looking forward to hosting you.
Arrivederci!


https://waze.com/ul/hsbvf2v1j
https://tbit.be/WSbrXm","10/07/2024, 15:30",FALSE
S734689A433668,VIVINO,FALSE,"Hello Stav Aviram, Your reservation for VIVINO Italy on July 19th, from 19:00 to 21:00 for 3 guests has been received and confirmed.

The table is located in the Outdoor Garden area.

Please note: parking across the restaurant is free at all hours of the day.

Looking forward to hosting you.
Arrivederci!


https://waze.com/ul/hsbvf2v1j
https://tbit.be/WSbrXm","17/07/2024, 16:00",FALSE
S734689A499775,VIVINO,FALSE,"Hello Stav Aviram, Your reservation for VIVINO Italy on July 26th, from 20:00 to 22:00 for 2 guests has been received and confirmed.

The table is located in the Wine Cellar area.

Please note: parking across the restaurant is free at all hours of the day.

Looking forward to hosting you.
Arrivederci!


https://waze.com/ul/hsbvf2v1j
https://tbit.be/WSbrXm","24/07/2024, 13:45",FALSE
S734689A491027,VIVINO,FALSE,"Hello Stav Aviram, Your reservation for VIVINO Italy on August 2nd, from 18:45 to 20:45 for 5 guests has been received and confirmed.

The table is located in the VIP Lounge area.

Please note: parking across the restaurant is free at all hours of the day.

Looking forward to hosting you.
Arrivederci!


https://waze.com/ul/hsbvf2v1j
https://tbit.be/WSbrXm","31/07/2024, 14:10",FALSE
S734689A492688,VIVINO,FALSE,"Hello Stav Aviram, Your reservation for VIVINO Italy on August 9th, from 20:30 to 22:30 for 6 guests has been received and confirmed.

The table is located in the Chefs Table area.

Please note: parking across the restaurant is free at all hours of the day.

Looking forward to hosting you.
Arrivederci!


https://waze.com/ul/hsbvf2v1j
https://tbit.be/WSbrXm","07/08/2024, 17:20",FALSE
S608014A732063,VIVINO,FALSE,"Hello Stav Aviram,
We hope you enjoyed your recent visit to VIVINO Italy.
Wed love to hear your feedback about your experience!

Please take a moment to share your thoughts here:
https://feedback.vivino.com/r7615
Thank you, and we look forward to seeing you again soon!","13/07/2024, 10:00",FALSE
S123456A788199,VIVINO,FALSE,"Hello Stav Aviram,
We hope you enjoyed your recent visit to VIVINO Italy.
Wed love to hear your feedback about your experience!

Please take a moment to share your thoughts here:
https://feedback.vivino.com/r1837

Thank you, and we look forward to seeing you again soon!","20/07/2024, 11:15",FALSE
S608014A732100,VIVINO,FALSE,"Hello Stav Aviram,
We hope you enjoyed your recent visit to VIVINO Italy.
Wed love to hear your feedback about your experience!

Please take a moment to share your thoughts here:
https://feedback.vivino.com/r1288

Thank you, and we look forward to seeing you again soon!","28/07/2024, 09:50",FALSE
S012345A678913,VIVINO,FALSE,"Hello Stav Aviram,
We hope you enjoyed your recent visit to VIVINO Italy.
Wed love to hear your feedback about your experience!

Please take a moment to share your thoughts here:
https://feedback.vivino.com/r1982

Thank you, and we look forward to seeing you again soon!","04/08/2024, 08:30",FALSE
S970604A859823,VIVINO,FALSE,"Hello Stav Aviram,
We hope you enjoyed your recent visit to VIVINO Italy.
Wed love to hear your feedback about your experience!

Please take a moment to share your thoughts here:
https://feedback.vivino.com/r5471

Thank you, and we look forward to seeing you again soon!","11/08/2024, 09:45",FALSE
S734689A490283,Dominos_Pizza,FALSE,"Hi Nadav, thank you for ordering from Dominos Pizza! We hope you enjoyed your meal. Wed love to hear your feedback. Please share your thoughts here: https://feedback.dominos.com/order/2301","30/11/2022, 14:01",FALSE
S608014A732131,Dominos_Pizza,FALSE,"Hi Nadav, thank you for ordering from Dominos Pizza! We hope you enjoyed your meal. Wed love to hear your feedback. Please share your thoughts here: https://feedback.dominos.com/order/0112","17/07/2022, 16:01",FALSE
S012345A678955,Dominos_Pizza,FALSE,"Hi Nadav, thank you for ordering from Dominos Pizza! We hope you enjoyed your meal. Wed love to hear your feedback. Please share your thoughts here: https://feedback.dominos.com/order/1259","24/07/2023, 13:46",FALSE
S970604A859814,Dominos_Pizza,FALSE,"Hi Nadav, thank you for ordering from Dominos Pizza! We hope you enjoyed your meal. Wed love to hear your feedback. Please share your thoughts here: https://feedback.dominos.com/order/0404","31/07/2023, 14:11",FALSE
S970604A859801,Dominos_Pizza,FALSE,"Hi Nadav, thank you for ordering from Dominos Pizza! We hope you enjoyed your meal. Wed love to hear your feedback. Please share your thoughts here: https://feedback.dominos.com/order/0895","07/08/2023, 17:21",FALSE
S734689A565882,Dominos_Pizza,FALSE,"Hi Nadav, thank you for ordering from Dominos Pizza! We hope you enjoyed your meal. Wed love to hear your feedback. Please share your thoughts here: https://feedback.dominos.com/order/7246","13/07/2023, 10:01",FALSE
S734689A631989,Dominos_Pizza,FALSE,"Hi Nadav, thank you for ordering from Dominos Pizza! We hope you enjoyed your meal. Wed love to hear your feedback. Please share your thoughts here: https://feedback.dominos.com/order/4007","20/07/2024, 11:16",FALSE
S734689A494349,Dominos_Pizza,FALSE,"Hi Nadav, thank you for ordering from Dominos Pizza! We hope you enjoyed your meal. Wed love to hear your feedback. Please share your thoughts here: https://feedback.dominos.com/order/0308","28/07/2024, 09:51",FALSE
S734689A496010,Dominos_Pizza,FALSE,"Hi Nadav, thank you for ordering from Dominos Pizza! We hope you enjoyed your meal. Wed love to hear your feedback. Please share your thoughts here: https://feedback.dominos.com/order/1109","04/08/2024, 08:31",FALSE
S608014A732064,Dominos_Pizza,FALSE,"Hi Nadav, thank you for ordering from Dominos Pizza! We hope you enjoyed your meal. Wed love to hear your feedback. Please share your thoughts here: https://feedback.dominos.com/order/9810","11/08/2024, 09:46",FALSE
S123456A788200,Marva,FALSE,Miss youuuu,"13/07/2024, 10:01",FALSE
S608014A732101,Ido,FALSE,Lol youre so funny,"20/07/2024, 11:16",FALSE
S012345A678974,Ran,FALSE,Wait whattttt,"28/07/2024, 09:51",FALSE
S970604A859824,Ahuva,FALSE,"Hi Nadav, just wanted to say youre awesome! Have a great day!","04/08/2024, 08:31",FALSE
S734689A230933,Asaf,FALSE,"Nadav, lets go for a coffee this week. Its been a while!","11/08/2024, 09:46",FALSE
S734689A219265,Ahuva,FALSE,"Hi Nadav, hope youre doing well. Lets plan a get-together soon.","30/11/2022, 14:02",FALSE
S734689A457704,Regev,FALSE,"Hey Nadav, I need help with my project. Are you free to brainstorm some ideas?","17/07/2022, 16:02",FALSE
S734689A479351,Marva,FALSE,Dont you have something at 19:00?,"24/07/2023, 13:47",FALSE
S970604A859802,Marva,FALSE,"Hey Nadav, I have an extra ticket for the show on Saturday. Want to join?","31/07/2023, 14:12",FALSE
S734689A698096,Shiri,FALSE,"Nadav, I need your advice on something. Can we talk?","07/08/2023, 17:22",FALSE
S734689A764203,Ido,FALSE,We totally should goooo,"13/07/2023, 10:02",FALSE
S734689A497671,Shiri,FALSE,OMG this is so boring,"20/07/2024, 11:17",FALSE
S734689A499332,Asaf,FALSE,"Hey Nadav, are you free to help me move some stuff this weekend? Ill bring pizza!","28/07/2024, 09:52",FALSE
S608014A732065,Shmulik,FALSE,"Nadav, lets plan a hike soon! The weathers perfect for it.","04/08/2024, 08:32",FALSE
S123456A788201,Yuval,FALSE,"Nadav, I just saw the funniest thing and had to share it with you! Call me when you can.","11/08/2024, 09:47",FALSE
S608014A732102,Dan,FALSE,"Nadav, dont forget about the game on Friday! Lets meet at 7.","13/07/2024, 10:02",FALSE
S012345A678915,Dan,FALSE,"Hi Nadav, have you heard from Ido? Ive been trying to reach them.","20/07/2024, 11:17",FALSE
S970604A859825,Marva,FALSE,"Hey Nadav, are we still on for dinner tomorrow? Let me know!","28/07/2024, 09:52",FALSE
S734689A490933,Mia,FALSE,Are you coming to class today at 14:30?,"04/08/2024, 08:32",FALSE
S734689A492658,Yuval,FALSE,"Hi Nadav, can you recommend a good movie to watch tonight?","11/08/2024, 09:47",FALSE